day,hour,kappa_c_mean,kappa_c_std
0,0,0.292955,0.001732
0,3,0.292955,0.001732
0,6,0.292955,0.001732
0,9,0.878116,0.005192
0,12,0.995553,0.236442
0,15,0.878116,0.005192
0,18,0.292955,0.001732
0,21,0.292955,0.001732
1,0,0.292955,0.001732
1,3,0.292955,0.001732
1,6,0.292955,0.001732
1,9,0.878116,0.005192
1,12,1.287817,0.268625
1,15,0.878116,0.005192
1,18,0.292955,0.001732
1,21,0.292955,0.001732
2,0,0.292955,0.001732
2,3,0.292955,0.001732
2,6,0.292955,0.001732
2,9,0.878116,0.005192
2,12,1.170265,0.290924
2,15,0.878116,0.005192
2,18,0.292955,0.001732
2,21,0.292955,0.001732
3,0,0.292955,0.001732
3,3,0.292955,0.001732
3,6,0.292955,0.001732
3,9,0.878116,0.005192
3,12,1.287072,0.265646
3,15,0.878116,0.005192
3,18,0.292955,0.001732
3,21,0.292955,0.001732
4,0,0.292955,0.001732
4,3,0.292955,0.001732
4,6,0.292955,0.001732
4,9,0.585104,0.291735
4,12,0.936865,0.177481
4,15,0.878116,0.005192
4,18,0.292955,0.001732
4,21,0.292955,0.001732
5,0,0.292955,0.001732
5,3,0.292955,0.001732
5,6,0.292955,0.001732
5,9,0.292955,0.001732
5,12,1.111769,0.284977
5,15,0.878116,0.005192
5,18,0.292955,0.001732
5,21,0.292955,0.001732
6,0,0.292955,0.001732
6,3,0.292955,0.001732
6,6,0.292955,0.001732
6,9,0.292955,0.001732
6,12,0.878116,0.005192
6,15,0.702656,0.268351
6,18,0.292955,0.001732
6,21,0.292955,0.001732
