day,hour,kappa_c_mean,kappa_c_std
0,0,0.292955,0.001732
0,3,0.292955,0.001732
0,6,0.292955,0.001732
0,9,1.638958,0.269234
0,12,2.458140,0.269304
0,15,2.223847,0.267202
0,18,0.292955,0.001732
0,21,0.410186,0.234717
1,0,0.292955,0.001732
1,3,0.292955,0.001732
1,6,0.292955,0.001732
1,9,1.814653,0.288547
1,12,2.867253,0.282860
1,15,2.340416,0.288039
1,18,0.292955,0.001732
1,21,0.292955,0.001732
2,0,0.292955,0.001732
2,3,0.292955,0.001732
2,6,0.292955,0.001732
2,9,2.048439,0.012112
2,12,2.751037,0.239886
2,15,2.340416,0.288039
2,18,0.292955,0.001732
2,21,0.351704,0.176642
3,0,0.292955,0.001732
3,3,0.292955,0.001732
3,6,0.292955,0.001732
3,9,1.755426,0.290152
3,12,2.809009,0.267090
3,15,2.107187,0.179348
3,18,0.292955,0.001732
3,21,0.410186,0.234717
4,0,0.292955,0.001732
4,3,0.292955,0.001732
4,6,0.292955,0.001732
4,9,1.463278,0.008652
4,12,2.516622,0.235045
4,15,1.990264,0.178876
4,18,0.292955,0.001732
4,21,0.351704,0.176642
5,0,0.292955,0.001732
5,3,0.292955,0.001732
5,6,0.292955,0.001732
5,9,0.995109,0.233906
5,12,2.634174,0.267615
5,15,2.049013,0.266179
5,18,0.292955,0.001732
5,21,0.351704,0.176642
6,0,0.292955,0.001732
6,3,0.292955,0.001732
6,6,0.292955,0.001732
6,9,0.936865,0.177481
6,12,2.049013,0.266179
6,15,1.522026,0.178383
6,18,0.292955,0.001732
6,21,0.410186,0.234717
