day,hour,kappa_c_mean,kappa_c_std
0,0,0.292955,0.001732
0,3,0.292955,0.001732
0,6,0.292955,0.001732
0,9,1.287974,0.269237
0,12,1.696930,0.284231
0,15,1.522026,0.178383
0,18,0.292955,0.001732
0,21,0.292955,0.001732
1,0,0.292955,0.001732
1,3,0.292955,0.001732
1,6,0.292955,0.001732
1,9,1.463278,0.008652
1,12,2.107187,0.179348
1,15,1.580714,0.237545
1,18,0.292955,0.001732
1,21,0.292955,0.001732
2,0,0.292955,0.001732
2,3,0.292955,0.001732
2,6,0.292955,0.001732
2,9,1.463278,0.008652
2,12,1.990264,0.178876
2,15,1.755255,0.289120
2,18,0.292955,0.001732
2,21,0.292955,0.001732
3,0,0.292955,0.001732
3,3,0.292955,0.001732
3,6,0.292955,0.001732
3,9,1.404796,0.175943
3,12,2.107187,0.179348
3,15,1.463278,0.008652
3,18,0.292955,0.001732
3,21,0.292955,0.001732
4,0,0.292955,0.001732
4,3,0.292955,0.001732
4,6,0.292955,0.001732
4,9,0.995553,0.236442
4,12,1.814653,0.288547
4,15,1.522026,0.178383
4,18,0.292955,0.001732
4,21,0.292955,0.001732
5,0,0.292955,0.001732
5,3,0.292955,0.001732
5,6,0.292955,0.001732
5,9,0.878116,0.005192
5,12,1.990264,0.178876
5,15,1.522026,0.178383
5,18,0.292955,0.001732
5,21,0.292955,0.001732
6,0,0.292955,0.001732
6,3,0.292955,0.001732
6,6,0.292955,0.001732
6,9,0.878116,0.005192
6,12,1.522026,0.178383
6,15,0.936865,0.177481
6,18,0.292955,0.001732
6,21,0.292955,0.001732
