day,hour,kappa_c_mean,kappa_c_std
0,0,0.834687,0.160358
0,3,0.399141,0.223661
0,6,0.294011,0.002837
0,9,4.345837,0.425096
0,12,6.389420,0.649253
0,15,5.672874,0.587296
0,18,0.411821,0.236114
0,21,1.468552,0.014169
1,0,0.846322,0.140364
1,3,0.410880,0.233033
1,6,0.294011,0.002837
1,9,4.745185,0.549443
1,12,7.481555,0.741850
1,15,6.002041,0.586104
1,18,0.611558,0.293585
1,21,1.433403,0.140725
2,0,0.857971,0.115876
2,3,0.434187,0.248571
2,6,0.294011,0.002837
2,9,5.003841,0.504099
2,12,7.023572,0.651819
2,15,6.096041,0.582408
2,18,0.799000,0.262749
2,21,1.374697,0.216196
3,0,0.869541,0.082673
3,3,0.434363,0.249098
3,6,0.294011,0.002837
3,9,4.533830,0.499653
3,12,7.152736,0.683432
3,15,5.438283,0.544315
3,18,0.517191,0.285150
3,21,1.375031,0.217696
4,0,0.881282,0.008503
4,3,0.410897,0.233087
4,6,0.294011,0.002837
4,9,3.699814,0.404072
4,12,6.283701,0.606113
4,15,5.238403,0.495891
4,18,0.376262,0.203935
4,21,1.304268,0.264609
5,0,0.881282,0.008503
5,3,0.422491,0.241078
5,6,0.294011,0.002837
5,9,2.666277,0.451498
5,12,6.789344,0.660013
5,15,5.297533,0.589278
5,18,0.317421,0.114515
5,21,1.304572,0.265779
6,0,0.869712,0.083285
6,3,0.434412,0.249246
6,6,0.294011,0.002837
6,9,2.549543,0.380422
6,12,5.215087,0.547992
6,15,3.899902,0.498055
6,18,0.305657,0.081212
6,21,1.339319,0.243476
