q,kc_noon_mean,kc_noon_std,kc_dawn_mean,kc_dawn_std,peak_valley_ratio
0.0,6.685949000000001,0.747213003262568,0.35085457142857146,0.03798303314576629,19.056183229355916
0.05,6.635958285714286,0.7590386030953267,0.29401099999999997,5.99588961666477e-17,22.570442213775287
0.1,6.619345,0.7480724231244816,0.29401099999999997,5.99588961666477e-17,22.513936553394263
0.2,6.657729142857143,0.7478657040626633,0.29401099999999997,5.99588961666477e-17,22.644489977780232
0.4,6.684617428571429,0.7778887479676122,0.29401099999999997,5.99588961666477e-17,22.735943310187135
0.6,6.647517428571429,0.7726139504761002,0.29401099999999997,5.99588961666477e-17,22.609757555232388
0.8,6.667796,0.7533997813746255,0.29401099999999997,5.99588961666477e-17,22.678729707391902
1.0,6.686214571428572,0.7533496783764841,0.29401099999999997,5.99588961666477e-17,22.741375565637245
