r,kappa_c_mean,kappa_c_std
0.04,0.257789375,0.09289036392099558
0.1,0.235296875,0.09739538197310742
0.2,0.25404062499999996,0.09371874999999999
0.3,0.31964375,0.10969498447577547
0.4,0.36088000000000003,0.14102725753406015
0.5,0.41148812500000004,0.16727156060112996
0.6,0.4321062499999999,0.1454906247315119
0.7,0.448975625,0.14763603658469532
0.8,0.4977093749999999,0.1883723561733847
0.9,0.49396062499999993,0.13588895578053795
0.95,0.508955625,0.19644308473607563
