sigma_ratio,kappa_c_mean_gen,kappa_c_std_gen,kappa_c_mean_con,kappa_c_std_con
0,0.23717124999999994,0.08888965299609186,0.23904562499999998,0.08981366625895526
0.1,0.239045625,0.10922959512679015,0.239045625,0.10760936895781889
0.2,0.29715125,0.16405868050434919,0.2934025,0.1611199492383799
0.3,0.27090999999999993,0.13631488032223635,0.25778937499999993,0.13459004472494424
0.4,0.26903562499999994,0.12540115080587377,0.27090999999999993,0.12131420688681982
0.5,0.24279437499999998,0.09889881742215119,0.242794375,0.10576525300754497
0.6,0.23529687499999993,0.0858946531823285,0.24092,0.08467944159307866
0.7,0.27653312499999994,0.13142028970182837,0.287779375,0.12871921463863698
0.8,0.284030625,0.11741429707583526,0.27465874999999995,0.12998219651077458
